{
  "project_info": {
    "project_number": "816392963839",
    "firebase_url": "https://my-ewaste-default-rtdb.firebaseio.com",
    "project_id": "my-ewaste",
    "storage_bucket": "my-ewaste.appspot.com"
  },
  "client": [
    {
      "client_info": {
        "mobilesdk_app_id": "1:816392963839:android:ad58e5f1f79f114e486eca",
        "android_client_info": {
          "package_name": "com.example.banksampah"
        }
      },
      "oauth_client": [
        {
          "client_id": "816392963839-62cop0lnlj6h9f6e6pdbm3dnh7qjsum4.apps.googleusercontent.com",
          "client_type": 3
        }
      ],
      "api_key": [
        {
          "current_key": "AIzaSyAcK8AjrIpr-u92xaTfrT3tAC-afZAtvQs"
        }
      ],
      "services": {
        "appinvite_service": {
          "other_platform_oauth_client": [
            {
              "client_id": "816392963839-62cop0lnlj6h9f6e6pdbm3dnh7qjsum4.apps.googleusercontent.com",
              "client_type": 3
            }
          ]
        }
      }
    },
    {
      "client_info": {
        "mobilesdk_app_id": "1:816392963839:android:4a780e151855c329486eca",
        "android_client_info": {
          "package_name": "com.example.myewaste"
        }
      },
      "oauth_client": [
        {
          "client_id": "816392963839-62cop0lnlj6h9f6e6pdbm3dnh7qjsum4.apps.googleusercontent.com",
          "client_type": 3
        }
      ],
      "api_key": [
        {
          "current_key": "AIzaSyAcK8AjrIpr-u92xaTfrT3tAC-afZAtvQs"
        }
      ],
      "services": {
        "appinvite_service": {
          "other_platform_oauth_client": [
            {
              "client_id": "816392963839-62cop0lnlj6h9f6e6pdbm3dnh7qjsum4.apps.googleusercontent.com",
              "client_type": 3
            }
          ]
        }
      }
    }
  ],
  "configuration_version": "1"
}